{"network":{"id":3,"name":"Builder's Guide","status":3,"path":"/Users/jamal/.polar/networks/3","nodes":{"bitcoin":[{"id":0,"networkId":3,"name":"backend1","type":"bitcoin","implementation":"bitcoind","version":"0.20.1","peers":[],"status":3,"ports":{"rpc":18444,"zmqBlock":28335,"zmqTx":29336},"docker":{"image":"","command":""}}],"lightning":[{"id":0,"networkId":3,"name":"alice","type":"lightning","implementation":"LND","version":"0.11.1-beta","status":3,"backendName":"backend1","paths":{"tlsCert":"/Users/jamal/.polar/networks/3/volumes/lnd/alice/tls.cert","adminMacaroon":"/Users/jamal/.polar/networks/3/volumes/lnd/alice/data/chain/bitcoin/regtest/admin.macaroon","readonlyMacaroon":"/Users/jamal/.polar/networks/3/volumes/lnd/alice/data/chain/bitcoin/regtest/readonly.macaroon"},"ports":{"rest":8084,"grpc":10004,"p2p":9738},"docker":{"image":"","command":""}},{"id":1,"networkId":3,"name":"bob","type":"lightning","implementation":"LND","version":"0.11.1-beta","status":3,"backendName":"backend1","paths":{"tlsCert":"/Users/jamal/.polar/networks/3/volumes/lnd/bob/tls.cert","adminMacaroon":"/Users/jamal/.polar/networks/3/volumes/lnd/bob/data/chain/bitcoin/regtest/admin.macaroon","readonlyMacaroon":"/Users/jamal/.polar/networks/3/volumes/lnd/bob/data/chain/bitcoin/regtest/readonly.macaroon"},"ports":{"rest":8085,"grpc":10005,"p2p":9739},"docker":{"image":"","command":""}},{"id":2,"networkId":3,"name":"carol","type":"lightning","implementation":"LND","version":"0.11.1-beta","status":3,"backendName":"backend1","paths":{"tlsCert":"/Users/jamal/.polar/networks/3/volumes/lnd/carol/tls.cert","adminMacaroon":"/Users/jamal/.polar/networks/3/volumes/lnd/carol/data/chain/bitcoin/regtest/admin.macaroon","readonlyMacaroon":"/Users/jamal/.polar/networks/3/volumes/lnd/carol/data/chain/bitcoin/regtest/readonly.macaroon"},"ports":{"rest":8086,"grpc":10006,"p2p":9740},"docker":{"image":"","command":""}}]}},"chart":{"offset":{"x":0,"y":0},"nodes":{"backend1":{"id":"backend1","type":"bitcoin","position":{"x":400,"y":400},"ports":{"backend":{"id":"backend","type":"top","position":{"x":100,"y":0}},"peer-left":{"id":"peer-left","type":"left","position":{"x":0,"y":21}},"peer-right":{"id":"peer-right","type":"right","position":{"x":200,"y":21}}},"size":{"width":200,"height":42},"properties":{"status":3,"icon":"./static/media/bitcoin.d7876d48.svg"}},"alice":{"id":"alice","type":"lightning","position":{"x":50,"y":100},"ports":{"empty-left":{"id":"empty-left","type":"left","position":{"x":0,"y":30}},"empty-right":{"id":"empty-right","type":"right","position":{"x":200,"y":18}},"backend":{"id":"backend","type":"bottom","position":{"x":100,"y":59}},"b6ed43da3824":{"id":"b6ed43da3824","type":"right","properties":{"nodeId":"alice","initiator":true},"position":{"x":200,"y":42}}},"size":{"width":200,"height":59},"properties":{"status":3,"icon":"./static/media/lnd.5c6aec1f.png"}},"bob":{"id":"bob","type":"lightning","position":{"x":400,"y":200},"ports":{"empty-left":{"id":"empty-left","type":"left","position":{"x":0,"y":18}},"empty-right":{"id":"empty-right","type":"right","position":{"x":200,"y":18}},"backend":{"id":"backend","type":"bottom","position":{"x":100,"y":59}},"b6ed43da3824":{"id":"b6ed43da3824","type":"left","properties":{"nodeId":"bob"},"position":{"x":0,"y":42}},"197b36dd6628":{"id":"197b36dd6628","type":"right","properties":{"nodeId":"bob","initiator":true},"position":{"x":200,"y":42}}},"size":{"width":200,"height":59},"properties":{"status":3,"icon":"./static/media/lnd.5c6aec1f.png"}},"carol":{"id":"carol","type":"lightning","position":{"x":740,"y":100},"ports":{"empty-left":{"id":"empty-left","type":"left","position":{"x":0,"y":18}},"empty-right":{"id":"empty-right","type":"right","position":{"x":200,"y":30}},"backend":{"id":"backend","type":"bottom","position":{"x":100,"y":59}},"197b36dd6628":{"id":"197b36dd6628","type":"left","properties":{"nodeId":"carol"},"position":{"x":0,"y":42}}},"size":{"width":200,"height":59},"properties":{"status":3,"icon":"./static/media/lnd.5c6aec1f.png"}}},"links":{"alice-backend1":{"id":"alice-backend1","from":{"nodeId":"alice","portId":"backend"},"to":{"nodeId":"backend1","portId":"backend"},"properties":{"type":"backend"}},"bob-backend1":{"id":"bob-backend1","from":{"nodeId":"bob","portId":"backend"},"to":{"nodeId":"backend1","portId":"backend"},"properties":{"type":"backend"}},"carol-backend1":{"id":"carol-backend1","from":{"nodeId":"carol","portId":"backend"},"to":{"nodeId":"backend1","portId":"backend"},"properties":{"type":"backend"}},"b6ed43da3824":{"id":"b6ed43da3824","from":{"nodeId":"alice","portId":"b6ed43da3824"},"to":{"nodeId":"bob","portId":"b6ed43da3824"},"properties":{"type":"open-channel","channelPoint":"1188badea71b52d99fad91244dbc5d2adaba5cddcd6195b4ee4eb6ed43da3824:1","capacity":"250000","fromBalance":"115948","toBalance":"125001","direction":"ltr","status":"Open"}},"197b36dd6628":{"id":"197b36dd6628","from":{"nodeId":"bob","portId":"197b36dd6628"},"to":{"nodeId":"carol","portId":"197b36dd6628"},"properties":{"type":"open-channel","channelPoint":"84c65d26463332c57fe99c9e508d98d35e72e7aa0671577ec13c197b36dd6628:1","capacity":"250000","fromBalance":"115950","toBalance":"125000","direction":"ltr","status":"Open"}}},"selected":{"type":"node","id":"alice"},"hovered":{}}}